message,category
berapa suhu modem seharusnya,Information
modemnya rental sampai kapan ya,Information
internet saya ada loss merah,Information
cara diwnload aplikasi my biznet domana,Information
berapa harga pembelian modem layanan home,Information
,Information
apakah setiap melakukan pembayaran pelanggan akan menerima konfirmasi pembayaran berhasil,Information
berapa lama estimasi perbaikan gangguan,Problem
promo,Information
cara melakukan pembayaran via bank bca,Information
bagaimana cara cek ping dan tracert,Information
internet down nih gemana,Information
berapa bandwidth paket yang saya gunakan,Information
saya mau renewal,Information
jika saya terminasi sebelum masa kontak langganan berakhir dikarenakan alamat baru belum tercakup apakah  tidak dikenakan biaya pinati,Request
rekomendasi router dari biznet,Information
hi daerah rumah saya sudah tercover,Information
saya tidak ada pulsa jadi disini saja saya komplainnya,Information
kalok lupa username sama password pppoe gemana,Information
jika skema modem diawal menyewa apakah bisa dilakukan pembelian,Information
apakah biznet memiliki sla,Information
buat pake akun mybiznet log innya bagaimana,Information
cara merubah email terdaftar,Request
kalau terdaftar autodebet bagaimana langkah untuk terminasi,Request
cara tau vlan id gimana min,Information
cara merubah email terdaftar,Request
cara relokasi layanan,Request
cara membeli add on kuota,Request
apa syarat untuk berhenti berlangganan,Information
harga biznet home d berapa ya,Information
apakah tidak ada promo tahun baru,Information
apa kelemahan koneksi dengan fiber,Information
terima kasih apakah kamu tahu biznet didirikan oleh siapa,Information
bisa dibantu langkah untuk mengatur nat pada playstation,Information
lewat wa ini atau aplokasi saja,Information
berapa perangkat untuk dw,Information
apa kah kamu kenal dengan pak adi,Information
berarti ngga bisa downgrade sekarang ya,Information
sebutkan akun sosisal media layanan biznet seperti x facebook  dan instagram,Information
apakah bisa memiliki lebih dari  akun,Information
baik nkalo masa aktifnya hinga  januari  gimana om,Information
berapa maksimal device pada layanan d,Information
saya lupa passwordnya,Information
apakah biznet bisa membayar pasca bayar,Information
kalo ingin terminasi gimana caranya,Request
lupa email login aplikasi,Information
apakah quota tambahan akan hangus jika fup utama sudah reset,Request
cara membeli promo,Information
cara order promo,Information
min reset fup tanggal berapa,Request
putus sambung,Problem
internet mati nih,Problem
apakah download dan uploadnya simetris,Information
paket d berpa,Information
cara ganti password mandiri gimana,Request
berapa perangkat untuk d,Information
gak ada promo spesial tahun baru,Information
teman saya ada pakai biznet metronet apa bisa dipasang biznet iptv di akunnya,Request
berapa lama masa aktif layanan biznet home,Information
saya mau pindah,Information
saya ingin merubah skema penggunaan modem saya saat ini dari sewa menjadi beli apakah bisa,Request
kenapa koneksi internet saya up down,Information
apakah biznet home tercover area cibinong,Information
kendala internet loss merah,Information
di nabire sudah kaver belum,Information
maksimal penarikan kabel berapa meter,Information
kalau biaya pemasangan baru berapa kak,Information
tanggal berapa biasanya akan terdebet,Information
cara login ke aplikasi gimana,Information
internet down,Information
ingin ikut promo d modem rent,Request
apa yang memengaruhi latency tinggi,Information
saya mau tanya tentang promo,Information
call center homecare,Information
mau nambah router min jual ngga,Information
apakah biznet home memiliki kompensasi,Information
paket ds untuk area mana,Information
berapa biaya untuk pengecekan layanan di luar segmentasi biznet,Information
kira kira  kapan tersedia nya ya,Information
proses nya berapa lama,Information
untuk stb nya apakah ada biaya lagi,Information
harga paket ds,Information
ada fup ga min,Information
internet down min,Information
selain itu ada promo apa lagi itu doang,Information
apakah layanan biznet home d dapat digunakan untuk cctv,Information
oke saya sekarang mau beli promo,Information
apakah saya bisa datang langsung datang ke cabang biznet terdekat dari lokasi saya untuk menanyakan terkait ingin melakukan pendaftaran jaringan internet biznet dirumah saya,Request
internet saya down sejak semalam bisa di bantu,Information
harga paket d,Information
biznet apakah bisa berlangganan untuk lokasi high rise,Information
ada indikator loss merah,Information
bagaimana cara relokasi,Request
mau beli quota,Information
down,Information
promo,Information
bisa di info aja nomor va buat bayar,Information
kenapa layanan iptv untuk channel hbo tidak ada,Information
halo internet saya down,Information
mau beli promo,Information
perubahan layanan,Request
tapi saya di area bekasi,Information
internet saya down bisa di cek,Information
internet saya down dari semalam,Information
saya mau beli quota,Information
ada promo  ga,Information
customer service,Information
kalau karena internet lambat apakah ada penalty untuk terminasi,Problem
boleh dibantu promo apa saja yang berlaku,Information
pemasangan baru promo tahunan jadi berapa,Information
apa arti biznet,Information
oke kalok mai ganti pw wifi,Request
jadi total tagihan aku kalau sama iptv berapa,Information
kalo mau relokasi dong,Request
apakah akun saya bisa dialihkan ke orang lain,Information
jika sedang terjadi gangguan massal atau kendala area dari sisi biznet apakah pelanggan akan dapat informasi terkait hal tersebut tanpa harus menanyakan,Problem
bagaimana cara cek status modem,Information
layanan d tidak dapat buka game ps online itu kenapa,Information
ow gitu coy kalo masih lambat gimana,Problem
kalo sudah beberapa kali disambung gimana itu min kabel nya,Information
sulawesi ada paket apa aja,Information
bagimana prosedur berhenti berlangganan iptv,Information
biaya setiap bulan  biznet iptv,Information
mau beli promo,Information
bagaimana untuk perhitungan kouta internet kita,Information
sisa kuota saya brp,Information
saya mau ganti paket ke yg lebih murah gimana caranya,Request
internet saya bermasalah,Problem
kalok bolej tau reminder pembayaran dikirim kapan,Information
kalau mau promo bisa telfon ke mana,Information
harga paket yang tersedia di biznet home,Information
berapa maksimal device pada layanan d,Information
kalau pasang baru apa dapat promo juga,Request
saya minta info promo lagi dong,Request
untuk kartu kredit tanggal berapa biasanya akan terdebet,Information
rekomendasi router untuk game,Information
saya mau,Information
bisa dicek id pelanggan ini  los merah menyala,Information
berikan alasan keapa kunjungan visit saya melebihi estimasi x jam atas kendala internet down,Information
harga paket d berapa,Information
apa saja syarat untuk pergantian nama akun biznet,Request
saya ingin tanya biznet,Request
request dong mau ikut promo,Information
halo internet saya down bisa di cek,Information
biaya relokasi layanan biznet home berapa kak,Request
mau tanya kalo ini pingnya sesuai ga,Information
apakah pergantian layanan dan pembelian modem bisa di proses secara bersamaan,Request
bagaimana cara ubah alamat email terdaftar kak,Request
berapa harga promo  daerah jakarta selatan,Information
saya tidak dapat mengirim dan menerimal email,Information
internet saya tidak simetris upload dan download tidak sesuai,Information
mau tanya kok tempat saya ssidnya hilang ya,Information
apakah teknisi biznet bisa setting router tambahan saya,Information
oke aku ada rencana pasang di surabaya di merr ke cover gak,Request
bagaimana cara mengganti password wifi,Request
bagaimana cara restart modem,Information
pembelian iptv,Information
sudah dilakukan semua tapi masih lambat,Problem
bayar lewat mana cok,Information
jika ingin tambah ekstra kuota gmn,Request
mau ganti paket,Request
bukannya ada paket gamers ya min,Information
min kalau pindahin perangkat ke sebelah rumah bayar ga,Information
bagaimana cara membuat pembayaran menjadi auto debet,Information
modem biznet tipenya apa saja,Information
apakah jika berlangganan dikenakan masa kontrak,Information
apakah bisa untuk relokasi,Request
harga iptv,Information
cara setting ke bridge,Information
apakah remot tv iptv bisa beli diluar biznet,Information
kalau tidak ada lampu merah los namun lampu pon berkedip apa yang harus saya lakukan,Information
cara beli router tambahan,Information
apakah bisa mengganti nama menggunakan nama pt,Request
apa itu fup,Information
cara mengambil promo,Information
saya tidak dapat akses game handphone melalui biznet home d ada saran,Information
dimana lokasi store branch biznet cimandala bogor,Information
mau nanya desember ini ada promo apaan aja ya,Information
kenapa koneksi saya putusputus,Problem
ping jumping,Information
biznet home,Information
biaya perangkat biznet wifi fiber modem,Information
dih kok di kenakan pinalti,Information
bagaimana cara ganti modem,Request
biznet home ada batas pembayaran ga,Information
bagaimana langkahlangkah saya untuk konfirgurasi modem secara mandiri,Information
estimasi perbaikan kendala area sampai kapan,Information
bisa dicek untuk coverage area alamat berikut kp pada beunghar rt kelbabakan pasar kec bogor tengah kota bogor,Request
cara mengetahui masa aktif akun,Information
ada lampu loss merah,Information
ada promo gak,Information
connection down,Information
mau order promo,Information
i wanna ask to create a trouble ticket,Problem
cara cek coverage layanan biznet home,Request
apakah  ppn biznet jadi,Information
apakah biznet ada paket yang harganya,Information
bisa diinformasikan va untuk bank yang tersedia,Information
kalau dicombo sama d bisa,Information
harga iptv,Information
apakah biznet dapat melakukan refund jika terjadi kesalahan pembayaran,Information
berapa harga modem membeli dan menyewa,Information
saya ingin mengecek masa aktif akun saya sampai kapan,Request
speed test cuma dapat  mbps,Information
saya tidak dapat akses youtubecom apakah dapat dibantu,Information
username dan pass adminnya apa,Information
biaya relokasi,Request
berapa harga promo  daerah yogyakarta,Information
status akunnya gimana,Information
bisa dicek id pelanggan ini  los merah menyala,Information
registrasi pemasangan baru bisa melalui apa,Information
terus kalok promo ada gak,Information
di area gunung putri sudah ada jaringan belum,Information
internet saya down bisa di bantu cek,Information
biznet home dn,Information
cara order modem biznet,Information
saya mau cek jumlah perangkat yg terhubung ke modem saya,Information
apakah ada promo berlangganan baru saat ini,Information
min cara liat id pembayaran dimana,Information
kalo saya mau relokasi gimana caranya,Request
biaya instalasi sama modem berapa,Request
saya mau tanya untuk caranya gimana,Information
adakah perubahan nomor pelanggan utk biznet saya,Request
apakah bisa,Information
harga internet dw,Information
ada promo apa saja pada bulan desember ini,Information
garansi perangkat biznet iptv stb,Information
apakah saya bisa bekerja di biznet,Information
ping tinggi,Information
saya mau cek quota saya,Information
relokasi,Request
apakah bisa melakukan perubahan paket,Request
tidak ada paket b adanya paket d,Information
perbedaan frekuensi modem ghz dan ghz,Information
bisa dititalin untuk biznet home d beli modem,Information
lupa email login aplikasi,Information
cara change data dong,Information
mau nambah router min jual ngga,Information
koneksinya lambat,Problem
apakah ada garansi pergantian modem jika terjadi kerusakan jika saya baru melakukan pembelian modem,Request
kok bandwidth yang kudapat ngga sesuai sih,Information
boleh di bantu kendala internet down,Information
kalau saya lewat tanggal masa aktif akun nanti gimana nasib saya,Information
bagaimana cara lihat jumlah perangkat yang terhubung ke modem saya,Information
min internet lambat,Problem
saya ingin mengecek masa aktif akun saya sampai kapan,Request
apakah ktp yang sudah saya daftarkan bisa didaftarkan lagi,Information
kalo untuk main game cocoknya paket apa ya min,Information
cukup min bisa di akhiri chat nya,Information
bisa diinformasikan biaya bulanan saya saat ini berapa,Information
kalo harga paket d berapa,Information
proses relokasi berapa lama,Request
halo internet saya down,Information
internet cepat tanpa fup,Information
masa aktif,Information
cara melihat device yang terhubung di modem,Information
mau beli etra quota,Information
saya butuh layanan dengan ip yang tidak berubah ubah,Request
cara pembayaran,Information
paket termahal biznet home apa ya,Information
internet saya tidak bisa di gunakan pada macbook saya,Problem
cek kode virtual akun pembayaran billing biznet home,Information
berapa biaya visit berbayar,Information
saya mau topup,Information
mengapa ketika ingin melakukan pembayaran tidak dapat diproses,Request
cara upgrade layanan,Information
engga dulu deh,Information
klo ubah password,Request
paket internet dan tv berapa per bulan,Information
estimasi kunjungan teknisi biasanya kapan,Information
harga produk biznet,Information
tanggal berapa biasanya akan terdebet untuk payment via kartu kredit,Information
mau beli quota,Information
apakah bisa membeli router tambahan dari biznet,Information
penyebab jaringan lambat karena apa,Problem
apakah boleh saya reset modemnya,Request
ubah layanan,Request
kapan mybiznet ada di appstore,Information
mau ganti paket,Request
biznet jualan router ngga biar sinyal jauh,Information
internya loss merah kak,Information
change package with  another id,Information
kata spv saya unlimited selama order masih ada,Information
cara login my biznet,Information
dimana saya bisa mendapatkan username dan password untuk login ke my biznet tersebut,Information
harga paket dw,Information
bagaimana cara registrasi biznet,Information
saya ada kendala internet dilokasi tidak bisa digunakan dan ada loss merah,Problem
apakah saya bisa berlangganan hanya  bulan saja dengan skema modem menyewa,Information
bagaimana mana cara memperluas jangkauan sinyal,Information
saya mau yg gamers apa bisa di pasang di toko saya,Request
apakah harga layanan biznet home flat,Information
channel juga sudah dirubah,Request
mengapa masih mendapatkan reminder tagihan padahal sudah mengajukan relokasi,Request
kalo ganti paket gimana,Request
kapan kuota akan direset,Request
mau tanya paket yang available apa ajaa ya,Information
tipe kabelnya apa min,Information
perbedaan speed dan bandwidth,Information
bagaimana cara restart modem,Information
mau dong channel lengkapnya,Information
paket apa saja pilhannya,Information
saya gapunya laptop bisa tolong ping ke googlecom,Request
saya punya id lain,Information
apakah sinyal modem akan mencakup seluruh ruangan,Information
apakah masa kontrak berlaku untuk pelanggan yang membeli modem,Information
iya iya nggak usah di bom chat gtu dong,Information
cara melakukan pembayaran melalui virtual account bca,Information
apakah untuk pergantian email dan nomor telepon terdaftar harus mengisi form pergantian data,Request
harga d,Information
cara mengetahui alamat sudah tercover atau belum gimana,Information
berapa harga promo  daerah kota surabaya,Information
beli promo,Information
apakah modem biznet bisa digunakan kembali jika saya pernah ajukan terminasi,Request
mau ganti paket,Request
ara mempercepat jaringan wifi biznet,Information
bagaimana jika saya ingin melakukan penambahan layanan pemasangan di lokasi baru,Request
change package,Information
halo bagaimana cara berlangganan,Information
untuk password apps nya apa,Information
layanan saya terkendala down estimasi perbaikannya kapan ya,Information
boleh kak alamat rumah saya di komplek depnaker jl parkit blok c  jaka setia bekasi selatan kota bekasi,Information
saya mau promo,Information
kenapa gak bisa bantu cek kan idnya sudah saya info,Information
kenapa jaringan saya suka up down dalam beberapa hari terakhir,Information
mengapa saat saya main game ping nya tinggi,Information
harga paket d berapa,Information
jika saya relokasi apakah dikenakan biaya,Request
layanan iptv biznet bisa terhubung ke berapa tv,Information
apakah bisa mengganti email dan nomor hp di kaun,Request
udah restart msh lemot,Problem
apakah dikenakan kontrak berlangganan untuk layanan biznet home,Information
btnchatliveagent,Information
saya ingin tau promo yang berlaku,Request
bisa nambah modem lagi min,Information
untuk permintaan add on kouta bisa melalui apa saja,Request
minta kompensasi karena internet kendala terus,Request
jika terdapat kendala pada adaptor apakah bisa diganti,Request
cara cek kuota,Information
cara tau jumlah prangkat terhubng gimana,Information
apakah saya bisa merubah tagihan perbulan menjadi pertahun,Request
jika fup yang digunakan sudah melebihi pemakaian apa yang akan terjadi,Information
tolong transferin uang ke saya dong buat bayar biznet ini,Request
nomor customer service biznet berapa min saya mau telpon,Information
indikator modem jika down,Information
apakah saya perlu membwa modem ke lokasi baru jika ingin relokasi,Request
biznet metronet,Information
jumlah channel tv yang terdapat di dalam layanan biznet biznet iptv,Information
itu kuota fup kapan resetnya,Request
apakah layanan home memiliki jatuh tempo setiap bulannya,Information
ada garansi untuk perangkat set top box untuk biznet iptv ga min,Information
balik nama akun,Information
bisa sambungkan ke live agent,Information
kalau begitu cara pendaftaran layanan biznet home bagai mana,Information
virtual account permata,Information
mau beli quota,Information
untuk layanan customer service biznet home bisa menghubungi kemana,Information
kalo harga paket d berapa min,Information
i want to buy quota,Information
cara cek status billing pembayaran,Information
apakah biznet menyediakan layanan dengan tv channel,Information
apakah bisa ajukan terminasi melalui mybiznet,Request
kuota itu fup ya min,Information
kenapa speed upload dan download jaringan internet biznet saya tidak simetris,Information
mau relokasi,Request
berapa harga produk di biznet,Information
live agent dong,Information
jika ingin mengetahui ip yang saya gunakan bagaimana,Request
saya ada kendala pembayaran nih,Information
berapa biaya relokasi,Request
mau bayar,Information
jika status akun sudah terminasi apakah bisa berlangganan lagi,Request
saya mau cek promo yang tersedia hari ini layanan biznet home,Information
promo saat ini apa aja,Information
harga modem berapa,Information
hubungkan ke agent,Information
daftar biznet home,Information
harga promo d  jakarta,Information
kalo harga paket d berapa,Information
untuk biaya berlangganan iptv berapa,Information
cara liat jumlah penggunanya gimana,Information
mo beli extra quota,Information
apakah biznet menyewakan stb,Information
bagaimana kalo tagihan belum dibayarkan,Information
apakah biznet menjual perangkat router tambahan untuk support jangakuan koneksinya,Information
apakah biznet home sudah menggunakan kabel fiber optic,Information
kalo beli ekstra kuota gmn,Information
ciri ciri tiang biznet gemana  soalnya ada tiang miring di jalan,Information
ok kalau tempat saya untuk rt rw net apa bisa dipasang,Request
minimal speed yang didapatkan layanan d,Information
cek harga layanan biznet,Information
minta kompensasi karena internet kendala terus,Request
jika saya terminasi sebelum masa kontak langganan berakhir dikarenakan alamat baru belum tercakup apakah  tidak dikenakan biaya pinati,Request
kalau aku mau mengajukan penutupan akun apakah bisa,Information
apakah layanan biznet home dikenakan kontrak,Information
berapa maksimal power modem min,Information
modam saya mati total,Problem
sudah punya biznet,Information
harga modem biznet,Information
tahun depan ppn nya berapa  atau,Information
harga modem berapa,Information
pake password default salah,Information
cara melakukan terminasi,Request
aku pasang baru,Request
saya tidak bisa melakukan pembayaran melalui bank danamon,Problem
apakah biznet memiliki tanggal jatuh tempo,Information
apakah bisa cek status internet saya,Information
apakah biznet melakukan pemblokiran port,Information
apakah modem biznet support g,Information
jangkauan sinyal wifi biznet optimalnya berapa,Information
apakah mybiznet sudah tersedia di playstore atau appstore,Information
halo internet saya down sejak semalam,Information
jika saya terminasi sebelum masa kontak langganan berakhir dikarenakan alamat baru belum tercakup apakah  tidak dikenakan biaya pinati,Request
biznet home,Information
mengapa masih mendapatkan reminder tagihan padahal sudah mengajukan terminasi,Request
kalau internet lambat disebabkan apa min,Problem
gaada min,Information
mau tanya cakupan min,Information
bukannya ada paket gamers ya min,Information
saya tidak bisa akses app biznet,Problem
harga promo biznet home internet d modem beli,Information
caranya bagaimana,Information
cara menambah installasi biznet,Information
internet aku gabisa dipakai,Information
untuk estimasi kunjungan perbaikan dengan teknisi berapa lama,Information
internet down,Information
saya mau beli quota,Information
promo biznet home,Information
kalau ada kendala akses aplikasi apakah perlu cek ping dan tracert juga,Information
jadi bagaimana cara termudah untuk dapat saya order promo tersebt,Information
apakah jaringan biznet bisa diperjual belikan lagi,Information
biznet home,Information
kenapa wifi g saya suka tidak terdetect,Information
alamat saya belum tercover harus gimana biar ke cover,Information
saya mau beli quota,Information
koneksi terputus,Problem
lebih baik ordernya lewat mana nih,Information
internet aku putus min tidak bisa dipakai,Problem
stb connection error,Problem
apa itu ddns,Information
bisa informasikan untuk pengajuan sponsorship ke biznet,Information
modem biznet wifi berapa,Information
untuk trasnfer bank ada bank apa saja,Information
apakah ada ketentuan untuk berlangganan kembali,Information
saya sudah bayar tapi internetnya belum bisa digunakan kenapa ya,Information
saya kan hanya puna bank bri saja berati nanti saya transfernya ke bank apa ya,Information
cara pengajuan auto debit,Information
cara bayar via mandiri,Information
channel tv yang tersedia dibiznet apa saja,Information
apakah tidak ada promo pembelian modem,Information
cara pembayaran biznet home,Information
apakah terdapat garansi pada perangkat smart internet wifi,Information
biznet dedicated,Information
apakah ada promo untuk bulan ini,Information
call center layanan home berapa sih,Information
berapa hari perhitungan masa aktif,Information
bagaimana saya tahu wifi saya diretas orang lain,Information
beli addon,Information
biaya per bulan berapa,Information
ada promo  ga,Information
cara melakukan registrasi ulang,Information
apakah bisa dilakukan perubahan paket dari biznet home ke biznet metronet,Request
saya ingin membeli modem dengan layanan d berapa biaya yang harus saya keluarkan,Request
hai my connection internet is so bad can you help me,Information
los modem min,Information
kenapa bandwidth saya tidak sesuai dengan paket yang saya ambil,Information
apakah ada promo,Information
apakah modem biznet sudah g,Information
tidak ada promo tersedia di my biznet gimana,Information
lalu bagaimana jika kendalanya lama teratasi dan tidak ada kompensasi,Information
bagaimana jika kita telat melakukan pembayaran apakah adanya denda,Information
status internet,Information
berapa harga  unit iptv,Information
cara order promo,Information
internet down,Information
cara order promo secara mandiri,Information
nggak mau udahan aja ah,Information
saya ingin melakukan pembayaran namun nama yang tertera pada virtual account saya tidak sesuai saya harus bagaimana,Request
apakah akan dikenakan biaya tambahan jika alamat instalasi menggunakan jalur kabel bawah tanah,Request
apakah biznet bisa blok  web,Information
kendapa speed test lemah ya,Information
bilamana alamat baru belum tercakup layanan biznet apakah akun saya bisa dialihkan ke orang lain,Information
halo internet saya down sejak kemarin bisa di cek,Information
mo beli extra quota,Information
lambat,Problem
untuk promo nya,Information
terima kasih untuk ganti modem gimana,Request
cara mengetahui nomor pembayaran baru,Information
cara mengajukan perpindahan tiang biznet sebagai non customer,Information
bayarin dong min,Information
promo untuk tahun depan apa ya,Information
bisa perubahan data ga,Request
sulawesi ada paket apa aja,Information
min layanan biznet home bisa buat rt rw net engga,Information
apakah biznet menyediakan merchandise,Information
tambah router mesh wifi,Information
halo saya ingin menghubungi customer service,Request
apa bedanya ip static dan ip dinamic,Information
cara mengetaui billing id,Information
internet di lokasi lama buat main mobile legends,Information
syarat dan ketentuan layanan biznet home,Information
syarat mengajukan terminasi apa saja,Request
harga biznet home internet d,Information
saya ingin membuka warnet layanan biznet apa yang cocok untuk warnet,Request
bukti pembayaran saya belum terima,Information
cara berhenti berlangganan,Information
apakah biznet menyediakan wifi portable,Information
min ciri ciri tiang biznet gimana,Information
sebutkan alasan kenapa saya harus pakai layanan biznet,Information
pengen ganti paket  mbps ada ga,Request
promo,Information
di lampung ada paket apa aja,Information
status koneksi saya,Information
jumlah channel tv yang terdapat di dalam layanan biznet biznet iptv,Information
biaya penalti apabila pelanggan melakukan terminasi sebelum habis masa kontrak,Request
layanan saya biznet d saat akses game cukup lambat namun akses youtube normal ada solusinya ga,Problem
jika saya tidak melakukan pembayaran sebulan apakah dikenakan pinalti,Information
kalok harga paket d brrapa,Information
customer service,Information
mau ikut promo,Information
saya mau pasang baru dengan beli modem dan paket biznet home d,Request
kalo change package gmn min,Information
daftar biznet hom e,Information
promo,Information
apakah ada pengeblokan port internet untuk layanan biznet,Information
saya mau beli promo,Information
apakah layanan biznet bisa diganti kepemilikan,Request
harga paket d berapa min,Information
iya kapan tanggalnya butuh tanggal pastinya jatoh di tanggal berapa,Request
login my biznet gimana,Information
kira kira kalau biznet maintenance apakah customer mendapatkan notifikasinya,Information
apakah biznet ada channel hbo,Information
apakah bisa request pemisahan akun jika dalam satu akun terdaftar  billing pembayaran,Information
bagaimana cara terminasi,Request
completionhistoryquestion,Information
jika saya ingin memindahkan modem dari lantai  ke lantai  apakah dikenakan biaya,Request
internet putus ni,Problem
bagaimana cara pembelian remote untuk stb,Information
halo apa bisa dibantu untuk berlangganan,Information
bagaimana cara restart stb,Information
apakah biznet ada channel gbo,Information
bagaimana cara aktivasi akun mybiznet,Information
mau pindah modem cuman geser dikit gimana caranya,Information
harga mesh wifi berapa,Information
masa aktif masih  bulan lagi mau change packet bisa min,Information
ada promo untuk iptv,Information
internet saya ngga bisa digunakan,Information
bagaimana cek apakah modem sudah support g,Information
koneksi lambat,Problem
tanya produk,Information
mau relokasi,Request
halo saya mau beli quota lagi,Information
biaya instalasi,Request
internet saya mati min dari semalam,Problem
apakah biznet memiliki layanan bandwidth on demand,Information
ini juga koneksi internetnya putus nyambung,Problem
saya ingin ganti paket ke gamers d,Request
tolong di bantu promo,Request
mau beli extra quota,Information
apakah bisa request untuk pembayaran setiap ditanggal tertentu,Information
ciri tiang biznet apa ya,Information
min tolong kirimkan teknisi kelokasi modem saya los,Request
kalo harga paket d berapa,Information
ada paket mbps,Information
bisa pakai stb merek lain,Information
cara melakukan pembayaran melalui virtual account bca,Information
mau beli kuota,Information
saya mau ganti modem,Request
sudah tapi masih hilang,Information
apakah tidak ada promo beli modem,Information
tapi kenapa tadi infonya dw bukan d,Information
bagaimana cara melakukan pergantian password pada akun mybiznet,Request
min saya bisa ga menonaktifkan layanannya dulu  bulan,Information
ada lagi ga paket lainnya,Information
apakah cabang gunung putri buka setiap hari,Information
sudah di restart tapi kendala lambat masih juga ya,Problem
beli promo,Information
call center biznet home,Information
cara berlangganan baru bagaimana,Information
ini belom dibales,Information
mo beli extra quota,Information
harga modem berapa,Information
pada point satu berapa lama diberikan waktunya,Information
halo internet saya down bisa di cek,Information
ingin beli extra kuota,Request
jika internet putus nyambung itu kenapa ya,Problem
mau downgrade,Information
mau beli quota,Information
prediksi cuaca hari ini min,Information
bilamana alamat baru belum tercakup layanan biznet apakah akun saya bisa dialihkan ke orang lain,Information
sudah restart modem masih sama,Information
internet saya putus,Problem
cara melakukan pembayaran via bank mandiri,Information
apakah layanan d dapat digunakan sampai dengan  perangkat,Information
cara mengatasi wifi biznet lemot,Problem
klo ngga ada yg dateng,Information
internet saya up and down,Information
kenapa saya tidak bisa akses website lokal,Problem
dikarenakan kondisi keuangan saya maka saya minta ditangguhkan dibulan depan,Request
ada promo pembayaran,Information
apakah biznet ada pemblokiran ip,Information
min mau daftar untuk di  jl tlk lampung,Information
apa ada paket dengan tv,Information
paket biznet,Information
mau tanya paket promo yang tersedia skrg tidak mau ke customer service,Information
kapan teknisinya datang,Information
kalau ganti nama akun ada biaya nya engga,Request
bandiwth d berapa,Information
bagaimana jika saya ingin melakukan penambahan layanan pemasangan di lokasi baru,Request
berapa maksimal device pada layanan d,Information
harga modem biznet home,Information
mo beli extra quota,Information
massa aktif saya sampai kapan,Information
mau tanya paket yang available apa ajaa yaa untuk area jakarta,Information
mau ganti paket,Request
harga paket d,Information
untuk koneksi agak intermitten y,Information
gimana promo nya,Information
ip yang didapatkan pada paket d,Information
ada paket apa aja min,Information
sorry udah aktif lagi nih,Information
berapa lama proses installasi biznet,Information
berapa harga layanan iptv,Information
jika akunnya sudah diterminasi apakah bisa berlangganan kembali,Request
ada promo apa aja ya,Information
bagaimana cara cek ping dan tracert,Information
pembelian iptv,Information
berapa meter jangkauan modem biznet,Information
lagi ada promo apa min,Information
cara cek tanggal reset kuota,Request
cara setting cctv,Information
promo apa yang saat ini tersedia,Information
saya ga bs bayar via va,Information
cara beli ekstra kuota gimana,Information
saya gabisa bayar,Information
apakah tidak ada biaya waive untuk pinalty nya,Information
untuk promo biznet home ada apa saja,Information
apakah bisa downgrade layanan dari biznet metronet ke biznet home,Information
saya membutuhkan layanan internet dengan penggunaan ip static apakah biznet menyediakan,Request
estimasi kunjungan teknisi biznet,Information
harga paket d berapa,Information
ka gmna ya sayang udah beres payment dari hari jumat janji di pasang sore ternyata gabisa katanya paling lambat pagi besok nya tapi sampe sekrang belum datang datang gmna yah,Problem
mau change emial aku bisa ga di biznet,Information
min kalau saya pake perangkat modem temen saya bisa ga sama sama biznet,Information
halo internet saya down bisa di bantu cek,Information
kalo paket perusahaan ada ngga,Information
saya ingin menggunakan cctv paket layanan biznet home apa yang cocok untuk penggunaan cctv,Request
apakah modem biznet sudah support wifi,Information
pon blinking,Information
i want to buy quota,Information
berapa perangkat untuk dn,Information
internet mati nih,Problem
koneksi lambat,Problem
ada paket paling murah berapa,Information
ini kenapa ya los merah menyala pada modem saya,Information
min modem saya gak mau nyala,Information
rekomendasi router tambahan dari biznet,Information
internet,Information
layanan iptv dapat channel apa saja,Information
internet mati nih,Problem
thank you kalok saya mau ganti paket bisa,Request
apakah jika modem rusak bisa diganti dengan yang baru,Request
mau cek sisa quota,Information
saya tidak mau ribet,Information
lemot ini,Problem
saya ingin mengganti data pada akun layanan saya bisa dibantu,Request
ada modem wireless gak,Information
saya sudah restart tapi masih mati,Problem
terus kalok berenti sebelum lontrak habis denda gitu,Information
berapa harga modem,Information
bagaimana prtosedur relokasi,Request
promo metronet,Information
payment,Information
gimana caranya,Information
bayar dengan cara di cicil apakah bisa,Information
hotline biznet home,Information
ada garansi untuk perangkat tplink deco m smart internet mesh wifi setelah pembelian ga,Information
internet saya down bisa di cek,Information
cara melakukan pembayaran melalui virtual account bca,Information
untuk transfer antar bank ini menggunakan virtual account apa gimana,Information
psn tidak bisa konek,Problem
hallo saya mau tanya mengapa masa aktif habisnya tidak selalu sama dan terkadang maju,Information
min kalau ganti paket tapi cuma  hari bisa engga,Request
cara ganti password secara mandiri,Request
mo ganti paket,Request
akun saya sebelumnya sudah terminated dengan skema modem membeli lalu ingin berlangganan kembali apakah modemnya dapat digunkan kembali,Request
sebagai router tambahan,Information
apakah bisa dilakukan rekoneksi,Information
mau beli quota,Information
apakah ada promo perpanjangan layanan,Information
apakah akun kompliment jika ingin relokasi dikenakan biaya,Request
kan lama proses nya di  hari mahal tapi lama,Information
wifi saya bermasalah,Problem
bisa gak config modem mamual,Information
bagaimana cara merubah data,Request
mau beli quota,Information
apakah modem bisa diganti jika terjadi kerusakan,Request
paket dn untuk area mana,Information
saya ingin membeli modem apakah bisa di proses di hari ini,Request
paket yang lebih rendah dari yg kupakai sekarang ada apa aja,Information
change package with another id,Information
mau refund dana biznet,Information
masa aktif masih  bulan lagi mau ikut promo bisa,Information
masa aktif saya hingga  ya apakah bisa mengikuti salah satu promo tersebut,Information
paket yang disarankan jika ingin menggunakan cctv,Request
harga paket dn,Information
terkait permintaan pengajuan sponsopship,Request
ya ga mau tau saya kemarin ditawarin promo,Information
please  check my account   i forgot the service,Information
cara order promo min,Information
apakah dikenakan biaya jika ingin downgrade layanan,Request
apakah ada garansi pembelian modem di awal,Information
promo  berapa,Information
ada fup ga min,Information
i want to buy extra quota,Information
saya mau pasang iptv dong gimana caranya,Request
cabang biznet area jaksel,Information
jika kita tidak dapat akses website game steam dengan menggunakan layanan d itu kenapa ya,Information
kendala lambat,Problem
untuk permintaan add on kouta bisa melalui apa saja,Request
ganti paket,Request
customer service,Information
syarat relokasi apa saja,Request
apakah biznet metronet memiliki sla,Information
berapa perangkat untuk d,Information
saya maut ambah modem,Information
nanya perihal promo,Information
promo perpanjangan ada apa aja kak,Information
paket home d benefitnya apa,Information
kuota saya saat ini,Information
mau nambah router min jual ngga,Information
internet saya mati nih,Problem
pilihan internet untuk kantor,Information
area jawa ada paket apa saja,Information
internet cepat,Information
apa ada iptv,Information
fungsi whitelist di modem,Information
biznet home,Information
saya kan punya id lain,Information
ciri ciri tiang biznet warna apa soalnya ada tiang miring dijalanan,Information
biznet ada layanan free wifi di tempat umum ga,Information
apakah bisa melakukan pergantian paket,Request
min sewa sama beli modem bedanya apa,Information
apakah kita dapat masuk ke pengaturan modem pribadi,Information
bisa di bantu informasikan menu quota tambahan biznet home,Information
halo internet saya down bisa di cek,Information
relokasi layanan biznet home,Request
saya mau promo yang  ada nggak,Information
mo relokasi,Request
ada daftar channel nya ga,Information
kenapa kendala terus ya ini,Information
bisa dibantu ping ke googlecom,Information
kalau downgrade sekarang masa aktifku gimana,Information
saya mau relokasi ke dalung,Request
cara menemukan sn modem,Information
beli add on,Request
ok pakte apa yang kamu sarankan,Information
troubleshoot modem blinking,Problem
biznet home,Information
oke terus bisa cek coverage gak,Request
harga mesh wifi berapa,Information
kenapa lokasi saya gak bisa pake biznet,Information
internet saya ga bisa konek ke iphone kak,Information
halo pagi mau tanya tentang biznet home,Information
untuk biaya kunjungan petugas berapa,Information
untuk harga paket di lokasi batam apakah dikenakan ppn kak,Information
berapa nomor virtual account untuk melakukan pembayaran,Information
paket d,Information
berapa hari tuh proses nya,Information
menambah perangkat yang sudah ada,Information
saya mau melakukan perpanjangan wifi,Information
apakah biznet ada kompensasi jika internet saya mati berhari,Problem
harga paket d,Information
mau ke cs,Information
reset fup biasanya dilakukan kapan,Request
kalau dalam waktu x jam tidak ada kunjungan tim teknisi apakah akan ada kompensasi,Information
harga paket dw,Information
kendala internet slow gimana nih,Information
internet saya lambat,Problem
untuk cek speed di mana ya,Information
cara mengetahui alamat sudah tercover atau belum gimana,Information
untuk stb iptv free atau dikenakan biaya,Information
harga internet ds,Information
min kirimin pricelist paket internet,Information
latency untuk layanan biznet home normalnya berapa ya,Information
apakah saya bisa menambah add on iptv,Request
paket yang miliki ip public,Information
saya belum terbantu ini,Information
kuota habis,Information
cara daftar nya gimana,Information
untuk daerah sulawesi sudah ada layanan biznet belum min,Information
mau beli quota,Information
berapa harga layanan biznet home internet d,Information
berapa harga promo  daerah bandung,Information
kalau saya pakai ip public dynamic akan terreset per kapan,Request
ada paket apa saja iptv,Information
saya ingin melakukan pembayaran bisa lewat mana saja,Request
top up fup,Information
saya ingin mengecek masa aktif akun saya sampai kapan,Request
mau terhubung ke cs,Information
ip apa yang saya dapatkan jika berlangganan layanan biznet gamer d,Information
saya mau beli quota,Information
promo saat ini,Information
bisa tidak pengajuan iptv untuk layanan d,Information
min internet dirumah indikator los nya merah kenapa ya,Information
pada modem saya lampu merah menyala sejak pagi bisa dicek,Information
cara login ke aplikasi gimana,Information
bagaimana agar ip saya berubah,Request
mau beli kuota,Information
itu kamu tau pak adi owner biznet tadi ditanya gak tau,Information
ssid saya hilang bagaimana mengatasinya,Information
saya mau tanya pembayaran biznet bisa apa saja,Information
biznet home,Information
estimasi kedatangan teknisi,Information
modem saya ada lampu merahnya min,Information
kalok harga relokasi home,Request
berapa biaya pergantian remote iptv,Request
jika ingin reloksi ke alamat barun dan alamat baru saya sudah tercakup syaratnya apa saja,Request
dapat ip publik statik ga ya,Information
bisakah saya menggunakan layanan biznet home untuk bisnisperusahaan,Information
loss merah,Information
saya ingin mengecek masa aktif akun saya sampai kapan,Request
jalan aster blok d no kelurahan sukatani kecamatan tapos kota depok kode pos  apakah sudah tercover jaringan interner biznet,Information
kendala jaringan internet modem los merah,Information
bagaimana cara mengganti ssid wifi,Request
tanggal berapa biasanya akan terdebet untuk kartu kredit yang terdaftar di biznet,Information
biaya sewa perangkat setiap bulan  biznet wifi fiber modem,Information
ga punya akunnya,Information
kok tanggal jatuh tempo nya maju terus ya,Information
biaya  home internet ds,Information
saya mau yang layanan biznet home internet d tolong saya diberikan detail harganya,Request
modem los,Information
internet saya lampu los berkedip itu kenapa ya,Information
biznet home,Information
saya mau chat dengan customer service,Information
cara langganan iptv gimana,Information
cara pilih nya gimana,Information
call center homecare,Information
apakah kabel indihome lama bisa di pakai untuk kabel internet,Information
klo kuota abis bagaimana,Information
di jalan kota mas di jalan utama ciawi cianjur,Information
ada biaya penalty untuk terminasi,Request
berapa nomor virtual account untuk melakukan pembayaran,Information
jika router external kami rusak apakah dapat dibantu dari sisi biznet,Information
stb communication error,Problem
apakah biznet home mengeluarkan invoice,Information
bagaimana cara ikut prooo,Information
mau beli quota,Information
jaminan gangguan layanan,Problem
lambat banget main ayodance,Problem
apakah pembayarannya bisa menggunakan kartu kredit,Information
ssid saya muncul tapi tidak ada jaringan internetnya bagaimana ya kak agar bisa normal kembali,Information
apakah jika saat proses pergantian paket layanan melalui apps mybiznet  terdapat kendala salah order bisa dicancel,Request
biznet home yang berapa ya,Information
min informasi paket yang bisa  device,Information
internet saya lambat bandwidthnya tidak sesuai,Problem
kapan saya harus isi ulang kuota,Information
bagaiamana cara setting router,Information
garansi untuk perangkat biznet wifi fiber modem,Information
apakah saya bisa ubah nomor telepon,Request
lebih mahal ya hatganya,Information
jika saya melakukan pembelian modem apakah biaya sewa yang selama ini dikenakan akan hilang dan apa keuntungan yang pelanggan dapatkan dari melakukan pembelian modem,Information
internet lambat banget,Problem
apakah palmerah jakarta tercover,Information
cara berlangganan biznet,Information
indikator modem huwawei saya berwarna merah,Information
email biznet home,Information
apakah ada kompensasi jika koneksi internet biznet terputus berharihari,Problem
apakah bisa menambahkan akun dengan data yang sama,Information
kendala tagihan berbeda,Information
paket apa yang tersedia untuk daerah sulawesi min,Information
apa status modem saya,Information
i want to buy quota,Information
bisa combo sama home d ngga,Information
proses penjadwalan instalasi aktivasi dan relokasi membutuhkan waktu,Request
beda gini sih jawabannya,Information
saya ingin mengganti password wifi secara mandiri apakah dapat dilakukan,Request
berapa perangkat untuk ds,Information
untuk paket home d benefitnya apa aja,Information
bagaimana cara ubah password akun mybiznet,Request
apakah bisa melakukan berhenti berlangganan apabila masih dalam masa kontrak,Information
kalo promo  gimana,Information
hai aku customer internetku naik turun deh,Information
kenapa koneksi internet saya putus nyambung,Problem
harga paket d,Information
tolong cek jaringan saya,Request
berapa lama proses instalasi hingga layanan aktif,Request
kalau saya ingin ganti paket paket mana saja yang bsia saya gunakan,Request
kapan sebaiknya saya melakukan perubahan paket layanan internet saya,Request
username password pppoe aku apa,Information
bandiwth d berapa,Information
cek fup,Information
apakah jaringan biznet free hotspot diluar bisa saya gunakan,Information
terus klaok dinpekan baru bisa oakek paket apa,Information
mau ikut promo,Information
apakah order promo bisa diproses berkalikali,Information
cara bayar tokopedia,Information
paket d jenis ip apa,Information
tanggal berapa biasanya akan terdebet untuk kartu kredit,Information
cara ganti modem rusak,Request
internet tidak bisa digunakan,Problem
bogor gunung putri,Information
apakah ada channel hbo,Information
bagaimana cara pembelian extra kuota,Information
cara relokasi,Request
untuk kartu kredit tanggal berapa biasanya akan terdebet,Information
ok terima kasih,Information
apakah mybiznet sudah tersedia di appstore atau playstore,Information
apakah biznet dapat dilakukan refund jika pelanggan tidak puas dengan layanannya,Information
apakah biznet menyediakan kabel lan,Information
apakah ada rekomendasi penggunaan tipe kabel lan,Information
kendal bangunkerto turi sleman yogyakarta,Information
harga paket d berapa,Information
perbedaan wifi  dan wifi  modem,Information
internet saya lambat,Problem
harga modem biznet,Information
cara mengetahui jumlah perangkat yang terhubung,Information
router apa yg recomended,Information
saya mau terminasi layanan bagainmana prosesnya,Request
koneksinya lambat,Problem
kalau  jadi berapa,Information
ada promo apa aja untuk lampung,Information
cara mengajukan pergantian modem bagaimana,Request
eh gajadi saya mau upgrade aja ke paket gamers,Information
berapa lama proses terminasi,Request
promo yang available apa aja ya,Information
kalau ruko apa bisa pakai biznet home,Information
kenapa koneksi inet saya lemot banget ya,Problem
min tv ngga ada channel,Information
syarat dan ketentuan layanan biznet home,Information
kenapa saya tidak bisa akses disney hotstar keterangannya koneksi saya menggunakan vpn,Problem
berapa perangkat untuk dw,Information
berapa saja kecepatan paket biznet,Information
berapa hari estimasi pemasangan,Information
apakah free extra quota hanya untuk pelanggan baru atau existing,Information
ada paket untuk main game gak,Information
mau tanya paket yang available apa ajaa ya,Information
cara pasang baru di jl pulau sulawesi,Request
ga ada hbo ya,Information
harga paket d berapa min,Information
cek sisa kuota saya berapa,Information
kenapa sering sekali terjadi kendala loss merah,Information
cara cek masa aktif layanan biznet saya,Information
kantor cabang di cibinong dimana,Information
bagaimana jika iptv hanya blank hitam saja,Information
layanan saya biznet d saya mau main dota  sudah berhasil masuk ke steam tapi saya tidak dapat akses dota  kenapa ya,Information
i have issu with my quota which is has been renewed since a week ago but didnt decreased any at all,Information
cara lain ada ngga,Information
i want to relocation,Information
apakah ada garansi pada pembelian modem,Information
jika saya tidak bayar bulanan selama  bulan apakah akunnya masih bisa dilanjutkan,Information
apakah mybiznet ada aplikasinya di playstome atau appstore,Information
halo internet saya down bisa di cek,Information
promo  berapa,Information
fungsi parental control modem dan caranya,Information
kenapa  sulit dihubungi,Information
berapa harga modem menyewa,Information
cara relokasi,Request
ingin membeli kuota,Request
mengapa saya tidak bisa akses googlecom menggunakan koneksi biznet,Problem
kenapa jaringan saya suka up down dalam beberapa hari terakhir,Information
customer service,Information
lagi ada promo apa yah,Information
kalau d gimana,Information
kalok mau bayar bisa lewat mana,Information
kalo harga paket gamers d berapa,Information
jika tidak tercover alamat saya biasanya sampai kapan harus menunggu,Information
bagaimana cara mengatur ddns,Information
apakah yang akan terjadi jika sudah melewati masa tenggang,Information
bagaimana cara cek ip server game valorant,Information
apakah ada garansi untuk pembelian stb,Information
saya mau beli quota,Information
apakah ada sales yang bisa saya hubungi,Information
berapa jarak ideal dari dp terdekat ke rumah untuk pemasangan,Information
bagaimana cara mengecek kouat pemakaian saya dibulan ini,Information
pembayarannya bisa di store terdekat gak,Information
jika saya tetap menggunakan modem dengan skema dan terjadi kerusakan pada modem apakah bisa dilakukan perbaikan atau pergantian untuk modemnya,Request
saya mau beli quota,Information
ada internet ngga bisa browsing,Information
apakah mybiznet bisa menampilkan banyak akun,Information
kenapa massa aktif saya selalu maju,Information
apakah bisa jika saya tidak bayar sebulan karena akan keluar kota,Information
oke terus kapan reminder pembayaran dikirim,Information
saya maunya promo,Information
cara relokasi,Request
i wanna check coverage area can you help me,Request
cara perpanjang,Information
harga pasang baru,Request
bagaimana cara memperluas jangkauan modem,Information
harga paket d,Information
tanggal berapa cc biasanya akan terdebet,Information
apakah biznet home bisa melakukan perubahan nama atas nama pt,Request
karena internet down,Information
paket metronet,Information
saya ingin mengetahui cara cek ip layanan biznet home saya,Request
boleh minta metode pembayaran layanan home,Request
internet saya lambat cuma dapet mbps,Problem
virtual account betapa,Information
kenapa hasil trace route ada rto,Information
apakah bisa jika saya tidak bayar sebulan karena akan keluar kota,Information
kalau dirumah pakai smart tv dan cctv pakai yang mana ya,Information
paketnya apa aja ya,Information
kalok mau ngjuin sponsor kemana,Information
apakah bisa dinformasikan untuk type modem yang disediakan oleh biznet,Information
saya sudah bayar kenapa masih ada tagihan di virtual account,Information
mau rubah password gimana caranya,Request
apa itu biznet wifi,Information
ada kompensasi ngga kalau nanti ada kendala,Information
kenapa my biznet saya ada  akun atas nama orang lain,Information
bisa informasikan store biznet atau branch terdekat dari bandara soekarno hatta,Information
ppn nya berapa persen min,Information
apakah ada biaya terminasi,Request
apa aladan saya pilih biznet home,Information
tidak dapat membuka halaman aplikasi di situs httpsappbiznetid,Information
internet saya lambat sekali kalau akses ke googlecom,Problem
min di app mybiznet bisa beli promo engga,Information
cctv saya tidak berfungsi dengan koneksi biznet sementara koneksi lain tidak ada kendala,Information
jaringan saya putus sambung,Problem
apakah masa kontrak berlaku untuk pelanggan yang membeli modem,Information
internet saya terputus putus tiap malam,Problem
cara mengganti paket gimana,Request
berapa lama prosesnya,Information
jika saya ingn tambah mikrotik apakah bisa,Information
coba cek sama minta teknisi cek ke rumah,Request
dimana lokasi store branch biznet cimandala bogor,Information
baik untuk estimasi pemasangan baru berapa lama kak,Information
cara login ke aplikasi genana,Information
bisa dibantu informasikan prosedur pergantian paket layanan,Request
internet down nih,Information
kalo untuk main game cocoknya paket apa ya min,Information
berapa perangkat untuk ds,Information
min kalau modem rusak gimana ya,Information
jenis jenis paket biznet home apa aja min,Information
bagaimana cara setting smtp email menggunakan jaringan biznet,Information
kalo ganti password wifi gimana,Request
pemasangan nya dari siapa nanti,Information
apakah ada garansi pada perangkat biznet iptv stb,Information
kalau saya mendapatkan ping tinggi karena lambat apakah bisa dilakukan visit langsung,Problem
hubungi live agent,Information
paket biznet,Information
kenapa saya menerima tagihan atas nama orang lain,Information
bayar dengan cara hutang,Information
inwt mati ni,Problem
virtual account bca,Information
oke terus paket bixnet ada apa aha sih,Information
massa aktif nya bakal hangus ga,Information
berapa perangkat untuk ds,Information
assalamualaikum,Information
customer service,Information
yep nambah router mesh wifi,Information
berapa harga layanan iptv,Information
aku gabisa bayar lewat va bca,Information
bisa informasikan bandwidth yang didapatkan apabila berlangganan home internet d,Information
internet saya slow pas beut nich ads yang bisa tangani gk kawan,Information
untuk permintaan add on kouta bisa melalui apa saja,Request
apakah akan dikenakan denda jika ada keterlambatan pembayaran,Problem
saya ada kendala login ke app biznet sudah ganti password ngak bisa masuk,Request
bisa informasikan bandwidth yang diterima home internet d,Information
berapa maksimal device pada layanan d,Information
jika fup saya habis apakah inet saya masih bisa digunakan,Information
promo bhi d,Information
mau order promo,Information
promo terbaru,Information
halo biznet,Information
apa itu ip,Information
jika kuota utama habis apakah internetnya tidak bisa digunakan,Problem
apakah ada denda berlangganan,Information
cara melakukan pembayaran via bank bri,Information
bagaimana cara berlangganan internetnya saja tanpa iptv,Information
misal saya baut order berapa lama linknya bisa dibayar ya,Information
apakah biznet menyediakan modem wireless,Information
saya ingin pindah dari jakarta ke bali apakah dapat dilakukan relokasi,Request
internet saya mati,Problem
customer service,Information
berapa lama proses intalasinya,Information
apakah jaringan biznet bisa dikomersilkan,Information
saya dan tetangga saya internetnya biznetnya mati itu kenapa ya,Problem
apa status modem saya,Information
bagaimana apabila alamat baru tidak tercakup untuk relokasi,Request
cek coverage,Request
koneksi dirumah saya lemot yah,Problem
harga modem biznet,Information
estimasi waktu pembayaran jika melakukan order promo,Information
memang kapan masa tenggang akun gua,Information
biznet home,Information
kalau kendala internet mati saya harus bagaimana,Problem
keunggulan layanan d apa aja ya,Information
cara melakukan pembayaran via tokopedia,Information
info masa tenggang,Information
bukanya kmren ada ya,Information
kemarin saya ditawarin promo itu,Information
ini kenapa ada biznet autodebet yg sudah saya cancel masih tetep masuk ya tagihannya ke credit card saya,Information
tidak dapat membuka halaman aplikasi di situs httpsappbiznetid,Information
apakah biznet home mengeluarkan faktur pajak,Information
internet saya putus sambung,Problem
saya ingin melakukan relokasi namun untuk lokasi baru saya belum tercakup jaringan internet biznet apa yang harus saya lakukan,Request
kok ga bisa akses situs perbankan,Information
kalau ada gangguan area perbaikannya sampai kapan,Problem
berapa lama proses pemasangan setelah dilakukan pembayaran,Information
nanya promo,Information
saya ingin melakukan pembayaran dengan promo tetapi masa aktif saya masih sampai dengan  desember  apakah jika saya melakukan pembayaran hari ini masa aktif akan terkakumulasi,Request
call center homecare,Information
mau pindah lokasi,Information
harganya berapa,Information
bagiamana cara cek fup paket,Information
saya mau ganti paket,Request
saya mau terminasi,Request
mau ikut promo bisa,Information
bagaimana cara mengganti password wifi,Request
boleh tanya min,Information
bagaimana cari ganti password wifi,Request
cek jaringan,Information
di batam ada layanan apa aja,Information
pasang baru berapa,Request
tanggal berapa biasanya akan terdebet,Information
tolong diinformasikan paket layanan yang tersedia untuk rumah saya,Request
mau beli ekstra kuota gimana,Information
saya sudah membuka website biznethomenet namun tidak menemukan menu pendaftaran bisa dibantu,Information
bukan disitu alamatnya,Information
berapa jarak jangkauan signal wifi  ghz,Information
berapa harga pemasangan awal untuk layanan biznet home internet d untuk wilayah depok,Information
cara download aplikasi my biznet dimana,Information
saya ingin mengecek masa aktif akun saya sampai kapan,Request
kapan untuk perluasan cakupan area biznet yang saat ini belum tercover,Information
bagimana cara add on extra kouta,Request
min saya rencana mau pindah rumah apakah tetap bisa berlangganan layanan biznetnya,Information
apakah modem saya akan dilakukan pengambilan,Information
apakah ada garasi pada pembelian modem,Information
mau tanya tentang biznet home ada paket apa ajaa,Information
perbedaan ip biznet home d sama gamers d apa min,Information
batalkan ganti paket,Request
apakah biaya installasi awal setiap daerah berbeda,Information
can you speak english,Information
mengapa layanan biznet home sering terjadi kendala area,Information
ping mobile legend tinggi,Information
mau beli quota,Information
kabel nya ada yang putus kaya nya min,Problem
harga biznet home  d berapa,Information
halo,Information
biznet home,Information
apakah biznet menyediakan layanan internet untuk sekolah,Information
paket dn untuk area mana,Information
koneksi saya gk bisa dipake,Information
berapa biaya untuk pengajuan relokasi,Request
please help me order promo,Information
bagaimana cara mengetahui jika ada gangguan,Problem
tanya produk,Information
saat ini internet ku down,Information
mau mengadukan layanan,Information
internet mati,Problem
berapa perangkat untuk dw,Information
di bogor apa bisa pasang iptv nya saja tanpa internet,Request
apakah biznet memiliki promo pembayaran,Information
ingin cp,Request
internet mati ni,Problem
jl kerajinan  puri bunga amanah blok c udah ke cover belum,Information
biaya yang timbul akibat relokasi,Request
kalo untuk main game cocoknya paket apa ya min,Information
berapa jenis paket gamers biznet,Information
untuk paket apa aja,Information
mau relokasi,Request
biaya pasang baru berapa,Request
ngga bisa di info disini ya,Information
saya tidak dapat akses website tertentu dapat dibantu,Information
bagaimana cara ubah jaringan saya dengan mode bridge,Request
apakah bisa dilakukan perubahan paket dari biznet home ke biznet metronet,Request
harga visit berbayar,Information
kenapa koneksi internet saya putus nyambung,Problem
di modem saya ada los merah nih harus ngapain ya,Information
apakah bisa melakukan pembayaran dengan kartu kredit,Information
tanggal berapa biasanya akan terdebet untuk kartu kredit,Information
kalau saya tidak memiliki bank dari ke bank tersebut gimana saya punyanya bank bri,Information
min internet saya mati,Problem
apakah tiang biznet berwarna kuning,Information
apakah layanan saya bisa dilakukan relokasi ke daerah sumatra barat,Request
informasi harga paket area manado min,Information
mau setting modem sendiri gimana caranya,Information
mai order promo,Information
username sama pass loginnya apa,Information
bagaimana jika ada kesalahan pembayaran apakah bisa direfund,Information
bisa informasikan dikenakan  berapa pajak pada layanan biznet,Information
saya ingin mengecek masa aktif akun saya sampai kapan,Request
bagaimana cara ganti password wifi,Request
bulan depan gua ganti,Request
mohon info paket apa saja,Request
saya mau pasang iptv berapa harga untuk pemasangan paket iptv,Request
apakah bisa dilakukan perubahan atas nama,Request
harga biznet home d berapa,Information
layanan internet los,Information
kak saya mau pasang wifi di alamat yg berbeda saya juga sempet tanya ke sales area jl h hasan kelurahan baru an mas zikri tp contact beliau tidak bisa dihubungi lagi,Problem
mohon diinformasikan untuk metode pembayaran layanan biznet bisa melalui apa saja,Request
berapa meter jarak ideal pemakaian wifi dari modem biznet,Information
cara cek nomor sn biznet dimana,Information
cek lokasi dong,Information
saya beli modem waktu itu dan tidak ada penjelasan kontrak,Information
cara mengecek coverage area,Request
apakah kita dapat masuk ke pengaturan modem pribadi,Information
oke terus kalok nambah touter gitu bisa gak,Information
saya perlu internet di rumah dan tv apakah ada,Information
kabel fiber saya ada yang putus kak saya harus gimana ya,Problem
internet lambat,Problem
lokasi saya sudah tercakup belum ya,Information
masa tenggang biznet,Information
biznet jualan router ngga biar sinyal jauh,Information
minta nomornya,Request
apakah boleh saya datang ke cabang,Information
harga net dari layanan d gamers berapa,Information
berapa harga paket mbps,Information
untuk area jakarta ada gamers dw,Information
apakah dikenakan biaya jika alamat instalasi menggunakan jalur kabel bawah tanah,Request
estimasi relokasi biasaya berapa hari,Request
paket d berpa,Information
jika ada los merah pada modem saya itu kenapa,Information
cara melakukan pembayaran via bank mandiri,Information
harga paket dw,Information
internet aga lambat,Problem
tanggal berapa biasanya akan terdebet,Information
pembayaran apa saja yang disediakan oleh biznet,Information
kalau mau relokasi gimana,Request
bisa dicek id pelanggan ini  los merah menyala,Information
internet lambat,Problem
harga paket dw,Information
perbedaan ip dynamic private dan ip public dynamic,Information
internet mati,Problem
dan aplikasi wifi analyzernya apa,Information
kalo internet saya sering lamabt knp,Information
kalok pkek kabel bawah ranah kenak biaya gak,Information
terus kalok benefit d apa aja yg bisa saya dapet,Information
tidak ada koneksi,Information
min internet mati,Problem
klo gitu diskon dong,Information
siapa owner biznet,Information
cara cek fup atau kuota,Information
internet cepat,Information
saya tidak hapal,Information
cara order promo min,Information
cara melakukan ping dan tracert itu bagaimana,Information
estimasi waktu relokasi,Request
paket d jenis ip apa,Information
modem los,Information
apakah pergantian layanan menghanguskan sisa masa aktif,Request
tolong berikan saya detail harganya termasuk dengan ppn dengan sewa modem,Request
internet saya down,Information
apakah biznet memiliki masa tenggang,Information
saya ada  router dengan  perangkat,Information
kalo harga paket d berapa,Information
layanan metronet itu apa,Information
harga paket ds,Information
harga internet ds,Information
boleh bantu ke cs ya,Information
order promo yang tersedia saat ini,Information
hasil speed test cuma  mbps memang berapa ya kecepatan layanan saya,Information
jalan melawai kebayoran baru,Information
apakah ip akan terganti jika kita restart modem dengan layanan bizne home,Request
saya mau complaint,Information
min modem saya hilang,Information
apabila nanti saya terminasi lalu saya berlangganan lagi apakah bisa,Request
bagaimana jika ingin perpindahan modem namun alamat barunya tidak tercakup,Request
apakah tidak ada promo pembelian modem,Information
cara ubah password wifi di lokasi bagaimana,Request
ada kendala di lokasi saya apa tidak ya,Information
ada whatsappnya ga,Information
dimana kantor pusat biznet,Information
langkah langkah lakukan bridge modem biznet bagaimana,Information
biaya perangkat  layanan biznet iptv,Information
bayar promo,Information
informasi promo,Information
smart tv saya terkendala,Information
cara mengganti password wifi,Request
internetnya lambat,Problem
cek koneksi,Information
cara langganan iptv gimana,Information
halo saya ingin berlangganan internet  tv,Request
saya mau yang layanan home internet d,Information
mo relokasi,Request
untuk layanan biznet home ini ada kontrak berlangganannya ga,Information
relokasi apabila tidak tercover bagaimana,Request
apakah ada layanan ip statik,Information
nomor call center homcare berapa,Information
jika ingin menambahakan akun apakah bisa menggunakan identitas yang sama,Request
untuk proses selanjutnya jika alamat tempat tinggal saya sudah tercover jaringan biznet seperti apa atau bagimana,Information
berapa biaya instalasi,Request
cara download aplikasi my biznet dimana,Information
internet saya terputus putus,Problem
mau ganti paket gimana caranya,Request
paket dn untuk area mana,Information
perum bdb  blok as a rt  rw,Information
cek quota,Information
cara request perapihan kabel,Information
cara relokasi bagaimana,Request
promo  ada,Information
bilamana alamat baru belum tercakup layanan biznet syarat terminasi apa saja,Request
beli kuotq,Information
lambat internet,Problem
kan lu assisten bantuin gua lah buat bayar ini tagihan,Information
bagaimana cara beli modem,Information
saya minta no whatsapp nya dong,Request
sudah dicoba restart tapi masih sama,Information
apakah dikenakan biaya jika ingin perubahan paket,Request
berapa biaya pergantian remote iptv,Request
apakah biznet menyediakan modem wireless,Information
kalo buat bayar lebih cepat lewat mana ya,Information
untuk layanan home apakah fup atau unlimited,Information
bagimana mau promo,Information
kenapa koneksi internet saya putus nyambung,Problem
dan info adik saya lagi kendala,Information
apa ada nat geo di chanel iptv nya,Information
jakarta timur cakung,Information
ada garansi untuk perangkat set top box untuk biznet iptv ga min,Information
untuk coverage area di lenteng agung jakarta selatan ada ngga,Request
internet lemot,Problem
mau ganti paket,Request
berapa perangkat untuk dw,Information
biznet ada layanan apa saja,Information
apakah extra quota memiliki harga yang sama pada setiap layanan biznet home,Information
saya mau ubah nama wifi,Request
mau ubah status modem jadi buy min,Request
boleh tolong beritahu saya paket layanannya apa saja,Request
untuk minimal berlangganannya selama berapa bulan ya kak,Information
proses terminasi,Request
mengapa tidak bisa menggunakan dns lain,Problem
internet di rumah tidak bisa dipake,Problem
aklau remote iptv rusak order kembali biayanya berapa,Information
mau beli promo,Information
apakah jika saat proses pergantian paket layanan melalui apps mybiznet  terdapat kendala salah order bisa dicancel,Request
kalo harga paket d berapa min,Information
ingin pasang baru di jonggol paket d,Request
kalo lewat shoope ga bisa ya,Information
apakah bisa memanggil teknisi untuk setting router,Information
inet saya down,Information
saya mau yang kombinasi paket internet dan iptv,Information
mahal soalnya klo telp ke contact center,Information
saya ingin mengecek masa aktif akun saya sampai kapan,Request
untuk layanan internet dan tv d biznet apaan aja,Information
kenapa bayar di atas jam  malam gak langsung aktif internetnya,Information
i wanna terminate my account,Information
merk kabel lan yang bagus,Information
halo internet saya down,Information
jadi baiknya gimana om,Information
kelurahan tebet sudah tercakup blm ya,Information
rekomendasi perangkat tambahan untuk memperluas jangkauan wifi apakah ada,Information
paket apa aja yg tersedia,Information
apakah saya bisa merubah tagihan perbulan menjadi pertahun,Request
cara factory reset stb,Request
cara pembayaran mebbunakan livin mandiri,Information
apakah layanan biznet memiliki kompensasi,Information
saya mau relokasi,Request
sudah di restart koneksi jadi mati,Problem
waaaa you only can check based on billing number,Information
boleh diinformasikan paket gamers ada apa saja,Information
kapan teknisi datang,Information
koneksi saya down,Information
bisa gk saya minta proses nya hanya  hari,Request
apakah jika dilakukan perbaikan teknisi ke lokasi dikenakan biaya,Information
cara bayar biznet home,Information
bagaimana cara memindahkan modem biznet,Information
ke pake home d,Information
sudah bayar tapi masa aktif gak sesuai kak,Information
harga home internet d,Information
baik terimakasih,Information
apakah layanan metronet bisa untuk rumahan,Information
cara mendapatkan form relokasi,Request
ada garansi untuk perangkat tplink deco m smart internet mesh wifi setelah pembelian ga,Information
bagaimana cara upgrade,Information
apakah deco m tplink mesh menggunakan kabel atau wireless,Information
saya bisa dapet promo apa,Information
kalau news ada apa aja,Information
bilamana kedepannnya saya ingin berlangganan kembali apakah bisa menggunakan akun yang sebelumnya,Request
udh restart router masih sama,Information
cara mengetahui id billing,Information
kalo mau pasang apakah ada biaya pasang min,Request
internet saya mati,Problem
paket ds untuk area mana,Information
saya mau main dota  sudah berhasil masuk ke steam tapi saya tidak dapat akses dota  kenapa ya,Information
internet saya putus sambung,Problem
mau beli quota,Information
jika saya ingin memindahkan modem dari lantai  ke lantai  apakah dikenakan biaya,Request
saya ingin melakukan pergantian data nama akun sayarat nya bisa diinformasikan apa saja,Request
harga modem,Information
internet down bagaimana ni,Information
apakah bisa menggunakan email dan nomor telepon yang sama,Information
kenapa jaringan saya bermasalah akhir akhir ini,Problem
apakah akan dikenakan biaya,Information
internet down,Information
jadi dari sini urang update informaisnya ya,Information
iya router seperti tenda,Information
troubleshoot internet lambat,Problem
berapa harga bulanan paket saya,Information
jenis paket layanan biznet home,Information
estimasi kendala internet down untuk kunjungan berapa lama,Information
kalo beli modem,Information
internet saya slow,Information
apakah bisa menggunakan dns selain dari biznet,Information
estimasi layanan jika melakukan terminasi berapa lama,Request
promo untuk pelanggan baru,Information
hotspot biznet,Information
ubah paket ke d,Request
apakah bisa berlangganan kembali jika sudah melewati masa tenggang selama  hari,Information
bagaimana cara login ke mybiznet apakah ada tutorial atau langkah langkahnya,Information
saya mau pasang di soe,Request
bukan dw tapi d,Information
min ada beberapa channel tv yang ilang,Information
customer service,Information
apakah perangkat akan diambil jika modemnya membeli,Information
untuk permintaan add on kouta bisa melalui apa saja,Request
promo desember apa,Information
apakah biznet home mengeluarkan invoice fisik,Information
cara melakukan relokasi,Request
mau beli quota,Information
harga paling murah berapa,Information
jika saya terminasi sebelum masa kontak langganan berakhir dikarenakan alamat baru belum tercakup apakah  tidak dikenakan biaya pinati,Request
internet saya sangat lambat apakah dapat dibantu dioptimalkan,Problem
berapa perangkat untuk dw,Information
mo beli quota,Information
cara reset password mybiznet,Request
sulawesi ada paket apa aja,Information
mau refund dana biznet,Information
saya ada keperluan ganti paket tapi masih panjang masa aktifnya apakah bisa diproses sekarang,Request
apakah layanan home memiliki jatuh tempo,Information
bagaimana cara terminasi,Request
mau beli quota,Information
tidak saya ingin membeli modem biznet baru,Request
apakah untuk layanan d mendapatkan ip static,Information
ada promo apa saja yang berlaku,Information
youtube nya putus putus,Problem
apakah bisa freeze akun,Information
pakai yang d bisa gak,Information
mau berhenti berlangganan belum pasti nanti akan digunakan kembali atau tidak pak,Information
mo beli extra quota,Information
hi sisa ekstra kuota saya brp,Information
kalo modem sewa totalnya berapa,Information
apakah ada promo,Information
bagaimana cara memberhentikan kartu kredit,Information
oke biatanya berapa,Information
halo internet saya down,Information
internet saya down sudah  hari apa ada kompensasi,Information
berapa perangkat untuk dw,Information
bagaimana cara untuk pemutusan jaringan,Information
apakah saya bisa menggunakan promo untuk paket saya,Information
layanan internet saya lambat boleh diinformasikan penyebab dan solusinya,Problem
bagaimana jika ingin relokasi namun alamat barunya tidak tercakup,Request
internet saya down,Information
cakupan bojong gede,Information
apakah area saya di cibarusah sudah tercakup,Information
apakah ada diskon untuk pembelian modem,Information
los merah menyala sejak pagi,Information
cara beli promo gemana,Information
internet saya untuk bermain game genshin impact ping tinggi apakah ada solusi,Information
kurang menarik promonya,Information
sudah tapi masih lambat,Problem
chromecast tidak bisa digunakan,Problem
paket apa yang tersedia untuk daerah sulawesi min,Information
interner down,Information
untuk username login mybiznet apa ya kak,Information
saya mau tambah data nomor telp,Information
mau ganti paket,Request
kalau mau tambah aku biznet baru dengan ktp yang sama apakah bisa,Information
relokasi,Request
untuk biaya pemasangannya apakah dibayarkan di awal,Information
internet down nih gemana,Information
kapan akan dikirimkan reminder pembayaran,Information
saya mau beli quota,Information
upload dan download tidak symmetrical,Information
apakah kecepatan internet biznet home tetap konstan sepanjang waktu,Information
bagaimana cara saya mengetahui ip dari game di pc saya,Information
alamat saya sudah tercover belum ya,Information
bagaimana cek ping dan tracert aplikasi di android,Information
bisakah datangkan teknisi,Information
internet terputus,Problem
apakah pembelian modem akan menghanguskan sisa masa aktif,Information
untuk perubahan paket layanan membutuhkan waktu berapa lama,Request
inet down,Information
koneksi down,Information
apakah dikenakan biaya jika alamat instalasi menggunakan jalur kabel bawah tanah,Request
kalo layanan saya d dan ingin menggunakan iptv tagihannya di kenakan berapa,Request
itu dikenakan biaya tidak,Information
saya ingin berlangganan namun bingung harus mulai darimana,Request
berapa lama waktu yang dibutuhkan untuk melakukan pembelian modem,Request
internet saya mati,Problem
biaya pasang baru biznet berapa,Request
berapa lama ip biznet home terganti,Request
mau  deh kak,Information
apakah dapat ip publik,Information
cara mengetahui masa aktif akun,Information
biznet metronet,Information
packet loss,Information
beberapa website tidak bisa diakses,Problem
berapa bandiwdth yang didapatkan di paket biznet home d,Information
min ciri ciri tiang biznet gimana,Information
mau masuk ke modem,Information
apakah stb tv biznet bisa ditukar jika rusak,Information
mau cek kuota dong,Information
bisa dicek id pelanggan ini  los merah menyala,Information
bagaimana cara ganti ssid dan password wifi,Request
soalnya ini internet lambat,Problem
biaya relokasi,Request
berapa jarak jangkauan signal wifi  ghz,Information
apakah dikenakan biaya jika alamat instalasi menggunakan jalur kabel bawah tanah,Request
saya salah bayar ke nomor virtual account orang lain apa yang harus saya lakukan,Information
i want to buy extra quota,Information
berapa biaya relokasi,Request
saya mau beli quota,Information
ke biznet home d bisa ga,Information
mau relokasi,Request
packet loss,Information
bisa dicek id pelanggan  los meah menyala sejak pagi,Information
saya ingin mengecek masa aktif akun saya sampai kapan,Request
nomornya call center berapa,Information
cara stop auto debet,Information
klo saya mau terminasi gimana,Request
bagaimana cara ikut promo,Information
ada promo apa bulan ini,Information
terimakasih siapa nama atasan anda,Information
cara ganti password secara mandiri gmna,Request
harga paket d,Information
harga produk biznet,Information
harga mesh wifi berapa,Information
saya terminate aja lah,Information
jika modem saya rusak apa indikasinya,Information
tanggal berapa biasanya akan terdebet untuk kartu kredit,Information
cara restart modem,Information
saya cek udah tercover saya bisa ajukan sendiri atau perlu oleh customer ya,Information
totalin harga untuk ini berapa sewa modem,Information
saya salah melakukan pembayaran ke akun orang lain,Information
mau beli quota,Information
apa status modem saya,Information
mo beli extra quota,Information
apakah deco m tplink mesh bisa digunakan untuk bangunan bertingkat,Information
penyebab jaringan slow,Information
saya ga bisa buka detikcom,Information
harga promo,Information
mau ajuin perluasan wilayah gimana caranya,Information
i want to buy extra quota,Information
terminate gimana,Information
internet down sejak semalam,Information
apakah perubahan paket menghanguskan masa aktif,Request
indikator loss di modem,Information
masa aktif saya brp,Information
remote iptv saya rusak,Information
benefit yang didapatkan untuk paket d,Information
ingin ganti paket aja,Request
pembayarannya bisa di branch terdekat gak,Information
apakah dikenakan biaya tambahan jika ingin merubah layanan,Request
km namanya emang siapa ya,Information
harga internet dw,Information
tidak cukup terima kasih,Information
promo berlangganan d buy daerah bogor,Information
min kendala ke facebook berikut hasil tracert  tracing route to facebookcom nover a maximum of  hopsnn        ms     ms     ms  n        ms      ms      ms  n        ms      ms      ms  n        ms      ms      ms  n        ms      ms      ms  aeprcgktfbnwnet n        ms      ms      ms  poaswcgktfbnwnet n        ms      ms      ms  pswcgktfbnwnet n        ms      ms      ms  mswagcgktfbnwnet n        ms      ms      ms  edgestarminishvcgkfacebookcom,Information
internet lambat sekali ada saran mengatasinya,Problem
halo,Information
apakah bisa diinformasikan status perangkat modem saya ini sewa atau beli,Information
kuota saya tidak ter reset,Request
kalo harga paket gamers d berapa,Information
saya melakukan salah bayar tagihan hanya karena salah  digit saat memasukan nomor billing id apakah ada solusi,Information
min saya dibatam kena ppn  ga,Information
jalan gajah nomor nkel pandau hulu iinkec medan areankota medan,Information
apakah bisa request pemisahan akun jika dalam satu akun terdaftar  billing pembayaran,Information
iya saya memerlukan bantuan boleh berbicara dengan live agent,Information
ada paket apa saja di biznet home,Information
bagaimana cara perpindahan modem ke lokasi yang baru,Information
berapa harga stb,Information
saya mau beli quota,Information
kita udah install analyzer aman ngga ada masalah,Problem
apakah biznet ada sistem kontrak untuk pemasangan baru,Information
apa bisa mendaftarkan autodebet untuk pembayaran biznet,Information
bisa ga kalo saya ganti paket layanan dibawahnya,Request
apakah ada promo,Information
ini gimana caranya,Information
hallosaya ingin melakukan pengecekan fup akun layanan saya,Request
cara melakukan terminasi,Request
kalo saya mau promo  layanan d kena berapa tagihannya,Information
apakah biznet ada pemblokiran ip,Information
harga promo,Information
mau tanya inet saya down,Information
promo  saja,Information
harga promo biznet ada,Information
customer service,Information
bisa menggunakan bahasa indonesia,Information
berapa harga stb biznet,Information
apa kesalahan bayar ke akun lain bisa direfund,Information
saya mau relokasi,Request
saya mau pasang kak untuk kebutuhan  orang kirakira paket yang cocok apa ya,Request
untuk biaya relokasi itu berapa ya min,Request
i have red blinking lamp on my modem what should i do,Information
saya ingin membayarkan tagihan melalui bank bsi apakah bisa,Request
mau bulanan saja,Information
gak tau males pengen beli truck,Information
biaya pinalty terminasi,Request
jika saya ingin daftar biznet untuk kosan baiknya menggunakan layanan yang mana,Request
apakah akun saya bisa dialihkan ke non fup,Information
harga paket yang tersedia untuk di sumatera,Information
saya mau beli quota,Information
mengapa saya tidak dapat mengisi formulir relokasi setelah disubmit hanya blank,Request
cara add on kuota,Request
kalo beli modem harganya berapa ya,Information
layanan biznet home yang di rekomendasikan untuk main game,Information
siang saya ganjar saya mau berlangganan layanan internet dan tv untuk dirumah saya di biznet ini layanannya apa saja ya,Information
cara pembayaran melalui tokopedia,Information
promo d home modem buy berapa,Information
berapa perangkat untuk d,Information
